story_id,tale_title,provenance,source,text,culture,language
1,Chonguita the Monkey Wife (Fansler),Philippines,"Dean S. Fansler, Filipino Popular Tales (Lancaster and New York: American Folk-Lore Society, 1921), no. 29, pp. 244-246.","There was a king who had three sons, named Pedro, Diego, and Juan. One day the king ordered these three gentlemen to set out from the kingdom and seek their fortunes. The three brothers took different directions, but before they separated they agreed to meet in a certain place in the forest. After walking for many days, Don Juan met an old man on the road. This old man gave Don Juan bread, and told him to go to a palace which was a mile away. 'But as you enter the gate,' said the old man, 'you must divide the bread which I have given you among the monkeys which are guarding the gate to the palace; otherwise you will not be able to enter.' Don Juan took the bread; and when he reached the palace, he did as the old man had advised him. After entering the gate, he saw a big monkey. Frightened at the sight of the animal, Don Juan was about to run away, when the animal called to him, and said, 'Don Juan, I know that your purpose in coming here was to find your fortune; and at this very moment my daughter Chonguita will marry you.' The archbishop of the monkeys was called, and Don Juan and Chonguita were married without delay. A few days afterwards Don Juan asked permission from his wife to go to the place where he and his brothers had agreed to meet. When Chonguita's mother heard that Don Juan was going away, she said to him, 'If you are going away, take Chonguita with you.' Although Don Juan was ashamed to go with Chonguita because she was a monkey, he was forced to take her, and they set out together. When Don Juan met his two brothers and their beautiful wives at the appointed place, he could not say a word. Don Diego, noticing the gloomy appearance of his brother, said, 'What is the matter with you? Where is your wife, Don Juan?' Don Juan sadly replied, 'Here she is.' 'Where?' asked Don Pedro. 'Behind me,' replied Don Juan. When Don Pedro and Don Diego saw the monkey, they were very much surprised. 'Oh!' exclaimed Don Pedro. 'What happened to you? Did you lose your head?' Don Juan could say nothing to this question. At last, however, he broke out, 'Let us go home! Our father must be waiting for us.' So saying, Don Juan turned around and began the journey. Don Pedro and Don Diego, together with their wives, followed Don Juan. Chonguita walked by her husband's side. When the return of the three brothers was announced to the king, the monarch hastened to meet them on the stairs. Upon learning that one of his sons had married a monkey, the king fainted; but after he had recovered his senses, he said to himself, 'This misfortune is God's will. I must therefore bear it with patience.' The king then assigned a house to each couple to live in. But the more the king thought of it, the greater appeared to be the disgrace that his youngest son had brought on the family. So one day he called his three sons together, and said to them, 'Tell your wives that I want each one of them to make me an embroidered coat. The one who fails to do this within three days will be put to death.' Now, the king issued this order in the hope that Chonguita would be put to death, because he thought that she would not be able to make the coat; but his hope was disappointed. On the third day his daughters-in-law presented to him the coats that they had made, and the one embroidered by Chonguita was the prettiest of all. Still anxious to get rid of the monkey wife, the king next ordered his daughters-in-law to embroider a cap for him in two days, under penalty of death in case of failure. The caps were all done on time. At last, thinking of no other way by which he could accomplish his end, the king summoned his three daughters-in-law, and said, 'The husband of the one who shall be able to draw the prettiest picture on the walls of my chamber within three days shall succeed me on the throne.' At the end of the three days the pictures were finished. When the king went to inspect them, he found that Chonguita's was by far the prettiest, and so Don Juan was crowned king. A great feast was held in the palace in honor of the new king. In the midst of the festivities Don Juan became very angry with his wife for insisting that he dance with her, and he hurled her against the wall. At this brutal action the hall suddenly became dark; but after a while it became bright again, and Chonguita had been transformed into a beautiful woman. New York: American Folk-Lore Society, 1921), no. 29, pp. 244-246. Pagsanjan, Laguna. She heard the story from her aunt, who had heard it when she was still a little girl.'",Asian,en
2,The Dog Bride (Bompas),India,"Cecil Henry Bompas, Folklore of the Santal Parganas (London: David Nutt, 1909), no. 85, pp. 254-256.","Once upon a time there was a youth who used to herd buffaloes; and as he watched his animals graze he noticed that exactly at noon every day a she-dog used to make its way to a ravine, in which there were some pools of water. This made him curious and he wondered to whom it belonged and what it did in the ravine. So he decided to watch, and one day when the dog came he hid himself and saw that when it got to the water, it shed its dog skin, and out stepped a beautiful maiden and began to bathe. And when she had finished bathing she put on the skin and became a dog again, and went off to the village. The herdboy followed her and watched into what house she entered, and he inquired to whom the house belonged. Having found out all about it, he went back to his work. That year the herdboy's father and mother decided that it was time for him to marry and began to look about for a wife for him. But he announced that he had made up his mind to have a dog for his wife, and he would never marry a human girl. Everyone laughed at him for such an extraordinary idea, but he could not be moved. So at last they concluded that he must really have the soul of a dog in him, and that it was best to let him have his own way. So his father and mother asked him whether there was any particular dog he would like to have for his bride, and then he gave the name of the man into whose house he had tracked the dog that he had seen going to the ravine. The master of the dog laughed at the idea that anyone should wish to marry her, and gladly accepted a bride's price for her. So a day was fixed for the wedding and the booth built for the ceremony, and the bridegroom's party went to the bride's house, and the marriage took place in due form, and the bride was escorted to her husband's house. Every night when her husband was asleep, the bride used to come out of the dog's skin and go out of the house. And when her husband found out this, he one night only pretended to go to sleep and lay watching her. And when she was about to leave the room he jumped up and caught hold of her and seizing the dog skin, threw it into the fire, where it was burnt to ashes. So his bride remained a woman, but she was of more than human beauty. This soon became known in the village, and everyone congratulated the herdboy on his wisdom in marrying a dog. Now the herdboy had a friend named Jitu, and when Jitu saw what a prize his friend had got, he thought that he could not do better than marry a dog himself. His relations made no objection, and a bride was selected, and the marriage took place, but when they were putting vermilion on the bride's forehead she began to growl; but in spite of her growling they dragged her to the bridegroom's house, and forcibly anointed her with oil and turmeric. But when the bride's party set off home, the dog broke loose and ran after them. Then everyone shouted to Jitu to run after his bride and bring her back, but she only growled and bit at him, so that he had at last to give it up. Then everyone laughed at him so much that he was too ashamed to speak, and two or three days later he hanged himself. (London: David Nutt, 1909), no. 85, pp. 254-256. From the preface: 'The Santals are a Munda tribe, a branch of that aboriginal element which probably entered India from the northeast. At the present day they inhabit the eastern outskirts of the Chutia Nagpore plateau.... The Santal Parganas is a district 4800 square miles in area, lying about 150 miles north of Calcutta.'",Asian,en
3,The Most Powerful Husband in the World (Northafrica),French North Africa,"Martha Ward Carey, transl. Fairy Legends of the French Provinces (New York: Thomas Y. Crowell and Co., 1887), pp. 118-20.","It is said that a monk, whose prayers were always answered, was one day seated on the seashore, when he saw a kite fly holding in one of its claws a little mouse, which escaped and fell on the monk. Touched with compassion for the mouse, he took it, wrapped it up in a leaf, and carried it home with him. Fearing that his people would not be very eager to care for it, he prayed his Lord to change it into a young girl; and immediately it became a young girl gifted with great beauty. The monk led her to his wife, and said to the latter, 'Here is a girl who belongs to me, and I desire that you shall treat her as my own child.' When she had come to the age of womanhood, the monk said to her, 'My dear daughter, you are quite grown up, and you absolutely must have a husband; choose then, one to suit yourself, so that I may unite you to him.' 'Since you leave me free to choose,' she replied, 'I wish for my husband, he who is the most powerful in the world.' 'Perhaps you would like the sun?' said he; and he went to find the sun, and said to it, 'O! thou who art so essentially great, I have a daughter who desires to have for a husband he who is the most powerful in the world; would you be willing to marry her?' 'I will show you someone who is more powerful than I,' said the sun. 'It is the cloud which obscures me, and makes my rays pale and tarnishes the splendor of my fires.' The monk went to the cloud and repeated to him the sun's words.' 'And I,' said the cloud, 'I will show you someone more powerful than I. Go find the wind which makes me come and go, which drives me from east to west.' The monk went to find the wind, and said to him the same things which he had said to the cloud; but the wind said to him also, 'I will show you someone more powerful than I. It is the mountain that I cannot move.' Then the monk went to speak to the mountain, which made him this reply, 'I will show you someone more powerful than I. It is the rat, against which I cannot defend myself, when he bores into me and makes his home in me.' At last the monk went and said to the rat, 'Do you wish to marry my young daughter?' 'And how could I do so?' cried the rat. 'My hole is narrow, and a rat only marries a mouse.' The monk then prayed his Lord to change the young girl into a mouse, as she was before, and this to the entire contentment of the young girl. Immediately she resumed her original shape, and she ran away with the rat. Legends of the French Provinces (New York: Thomas Y. Crowell and Co., 1887), pp. 118-20. The stories in this collection were gathered from the French folklore journal Mélusine and Paul Sébillot's Contes des provinces de la France. This tale is identified as 'An Arabian Story,' suggesting that its origin is one of the former French colonies in North Africa.",African_Diaspora,en
4,The Timid Hare and the Flight of the Beasts (Jataka),India,"Source (books.google.com): ""Daddabha-Jataka,"" The Jataka; or, Stories of the Buddha's Former Births, edited by E. B. Cowell, vol. 3 (Cambridge: Cambridge University Press, 1897), no. 322, pp. 49-52. Source (Internet Archive): ""Daddabha-Jataka,"" The Jataka; or, Stories of the Buddha's Former Births, edited by E. B. Cowell, vol. 3 (Cambridge: Cambridge University Press, 1897), no. 322, pp. 49-52.","Once upon a time when Brahmadatta reigned in Benares, the Bodhisatta [the future Buddha] came to life as a young lion. And when fully grown he lived in a wood. At this time there was near the Western Ocean a grove of palms mixed with vilva trees. A certain hare lived here beneath a palm sapling, at the foot of a vilva tree. One day this hare, after feeding, came and lay down beneath the young palm tree. And the thought struck him, 'If this earth should be destroyed, what would become of me?' And at this very moment a ripe vilva fruit fell on a palm leaf. At the sound of it, the hare thought, 'This solid earth is collapsing,' and starting up he fled, without so much as looking behind him. Another hare saw him scampering off, as if frightened to death, and asked the cause of his panic flight. 'Pray, don't ask me,' he said. The other hare cried, 'Pray, sir, what is it?' and kept running after him. Then the hare stopped a moment and without looking back said, 'The earth here is breaking up.' And at this the second hare ran after the other. And so first one and then another hare caught sight of him running, and joined in the chase till one hundred thousand hares all took to flight together. They were seen by a deer, a boar, an elk, a buffalo, a wild ox, a rhinoceros, a tiger, a lion, and an elephant. And when they asked what it meant and were told that the earth was breaking up, they too took to flight. So by degrees this host of animals extended to the length of a full league. When the Bodhisatta saw this headlong flight of the animals, and heard the cause of it was that the earth was coming to an end, he thought, 'The earth is nowhere coming to an end. Surely it must be some sound which was misunderstood by them. And if I don't make a great effort, they will all perish. I will save their lives.' So with the speed of a lion he got before them to the foot of a mountain, and lion-like roared three times. They were terribly frightened at the lion, and stopping in their flight stood all huddled together. The lion went in amongst them and asked why there were running away. 'The earth is collapsing,' they answered. 'Who saw it collapsing?' he said. 'The elephants know all about it,' they replied. He asked the elephants. 'We don't know,' they said, 'the lions know.' But the lions said, 'We don't know, the tigers know.' The tigers said, 'The rhinoceroses know.' The rhinoceroses said, 'The wild oxen know.' The wild oxen, 'the buffaloes.' The buffaloes, 'the elks.' The elks, 'the boars.' The boars, 'the deer.' The deer said, 'We don't know; the hares know.' When the hares were questioned, they pointed to one particular hare and said, 'This one told us.' So the Bodhisatta asked, 'Is it true, sir, that the earth is breaking up?' 'Yes, sir, I saw it,' said the hare. 'Where,' he asked, 'were you living, when you saw it?' 'Near the ocean, sir, in a grove of palms mixed with vilva trees. For as I was lying beneath the shade of a palm sapling at the foot of a vilva tree, methought, 'If this earth should break up, where shall I go?' And at that very moment I heard the sound the breaking up of the earth, and I fled.' Thought the lion, 'A ripe vilva fruit evidently must have fallen on a palm leaf and made a 'thud,' and this hare jumped to the conclusion that the earth was coming to an end, and ran away. I will find out the exact truth about it.' So he reassured the herd of animals, and said, 'I will take the hare and go and find out exactly whether the earth is coming to an end or not, in the place pointed out by him. Until I return, do you stay here.' Then placing the hare on his back, he sprang forward with the speed of a lion, and putting the hare down in the palm grove, he said, 'Come, show us the place you meant.' 'I dare not, my lord,' said the hare. 'Come, don't be afraid,' said the lion. The hare, not venturing to go near the vilva tree, stood afar off and cried, 'Yonder, sir, is the place of dreadful sound,' and so saying, he repeated the first stanza: After hearing what the hare said, the lion went to the foot of the vilva tree, and saw the spot where the hare had been lying beneath the shade of the palm tree, and the ripe vilva fruit that fell on the palm leaf, and having carefully ascertained that the earth had not broken up, he placed the hare on his back and with the speed of a lion soon came again to the herd of beasts. Then he told them the whole story, and said, 'Don't be afraid.' And having thus reassured the herd of beasts, he let them go. Verily, if it had not been for the Bodhisatta at that time, all the beasts would have rushed into the sea and perished. It was all owing to the Bodhisatta that they escaped death.",Asian,en
5,The Grain of Corn,India,"Flora Annie Steel, Tales of the Punjab: Told by the People (London and New York: Macmillan and Company, 1894), pp. 198ff.","Once upon a time a farmer's wife was winnowing corn, when a crow, flying past, swooped off with a grain from the winnowing basket and perched on a tree close by to eat it. The farmer's wife, greatly enraged, flung a clod at the bird with so good an aim that the crow fell to the ground, dropping the grain of corn, which rolled into a crack in the tree. The farmer's wife, seeing the crow fall, ran up to it, and seizing it by the tail, cried, 'Give me back my grain of corn, or I will kill you!' The wretched bird, in fear of death, promised to do so, but, lo and behold! when he came to search for the grain, it had rolled so far into the crack that neither by beak nor claw could he reach it. So he flew off to a woodman, and said: But the woodman refused to cut the tree; so the crow flew on to the king 's palace, and said: But the king refused to kill the man; so the crow flew on to the queen , and said: But the queen refused to coax the king; so the crow flew on till he met a snake, and said: But the snake refused to bite the queen; so the crow flew on till he met a stick, and said: But the stick refused to beat the snake; so the crow flew on till he saw a fire, and said: But the fire refused to burn the stick; so the crow flew on till he met some water, and said: But the water refused to quench the fire; so the crow flew on till he met an ox, and said: But the ox refused to drink the water; so the crow flew on till he met a rope, and said: But the rope wouldn't bind the ox; so the crow flew on till he met a mouse, and said: But the mouse wouldn't gnaw the rope; so the crow flew on until he met a cat, and said: The moment the cat heard the name of mouse, she was after it; for the world will come to an end before a cat will leave a mouse alone.",Asian,en
6,Mr. Hawk and Brother Rabbit,African-America (Joel Chandler Harris),"Joel Chandler Harris, Nights with Uncle Remus (Boston and New York: Houghton, Mifflin, and Company, 1883), no. 65, pp. 366-70.","One time Brer Rabbit was going along through the bushes singing to himself, and he saw a shadow pass before him. He looked up, and there was Mr. Hawk sailing around and around. Every time he sailed around, he got a little closer, but Brer Rabbit didn't notice this, and by and by, down he dropped right slam-bang on Brer Rabbit, and there he had him. He held him in a mighty tight grip. He held him so tight that it made Brer Rabbit's breath come short like it does off a long journey. He hollered and he begged, but that didn't do any good. He squalled and he cried, but that didn't do any good. He kicked and he groaned, but that didn't do any good. Then Brer Rabbit lay still and studied about what in the name of goodness he was going to do. By and by he up and allowed, 'I don't know what you want with me, Mr. Hawk. I am scarcely a mouthful for you.' Mr. Hawk, he said, 'I'll do away with you, and then I'll go catch me a couple of jay-birds.' This made Brer Rabbit shake all over, because if there was any kind of creature that he despised on the topside of the earth, it was a jay-bird. Brer Rabbit, he said, 'Do pray, Mr. Hawk, go catch those jay-birds first, because I can't stand them being on top of me. I'll stay right here until you come back,' he said. Mr. Hawk, he said, 'Oh-oh, Brer Rabbit, you've been fooling too many folks. You're not fooling me,' he said. Brer Rabbit, he said, 'If you can't do that, Mr. Hawk, then the best thing for you to do is to wait and let me get tame, because I am so wild now that I won't taste good.' Mr. Hawk, he said, 'Oh-oh!' Brer Rabbit, he said, 'Well then, if that won't do, you had better wait and let me grow big, so I'll be a full meal of vittles.' Mr. Hawk, he said, 'Now you are talking sense!' Brer Rabbit, he said, 'And I'll rush around among the bushes and drive out some partridges for you, and we'll have more fun than what you can shake a stick at.' Mr. Hawk was sort of studying about this, and Brer Rabbit, he begged, and he explained, and the long and short of it was that Brer Rabbit got loose, and he did not get any bigger, and neither did he drive out any partridges for Mr. Hawk. with Uncle Remus (Boston and New York: Houghton, Mifflin, and Company, 1883), no. type 122F from his longer story.",African_Diaspora,en
7,How an Old Man Lost His Wen,Japan,"F. Hadland Davis, Myths and Legends of Japan (London: George G. Harrap and Company, 1912), pp. 372-74.","One night, while the old man was returning home laden with firewood, he was overtaken by a terrible thunderstorm, and was forced to seek shelter in a hollow tree. When the storm had abated, and just as he was about to proceed on his journey, he was surprised to hear a sound of merriment close at hand. On peeping out from his place of retreat, he was amazed to see a number of demons dancing and singing and drinking. Their dancing was so strange that the old man, forgetting caution, began to laugh, and eventually left the tree in order that he might see the performance better. As he stood watching, he saw that a demon was dancing by himself, and, moreover, that the chief of the company was none too pleased with his very clumsy antics. At length the leader of the demons said: 'Enough! Is there no one who can dance better than this fellow?' When the old man heard these words, it seemed that his youth returned to him again, and having at one time been an expert dancer, he offered to show his skill. So the old man danced before that strange gathering of demons, who congratulated him on his performance, offered him a cup of sak, and begged that he would give them the pleasure of several other dances. The old man was extremely gratified by the way he had been received, and when the chief of the demons asked him to dance before them on the following night, he readily complied. 'That is well,' said the chief, 'but you must leave some pledge behind you. I see that you have a wen on your right cheek, and that will make an excellent pledge. Allow me to take it off for you.' Without inflicting any pain, the chief removed the wen, and having accomplished this extraordinary feat, he and his companions suddenly vanished. The old man, as he walked towards his home, kept on feeling his right cheek with his hand, and could scarcely realize that after many years of disfigurement he had at last the good fortune to lose his troublesome and unsightly wen. At length he entered his humble abode, wife was none the less pleased with what had taken place. A wicked and cantankerous old man lived next door to this good old couple. For many years he had been afflicted with a wen on his left cheek, which had failed to yield to all manner of medical treatment. When he heard of his neighbor's good fortune, he called upon him and listened to the strange adventures with the demons. The good old man told his neighbor where he might find the hollow tree, and advised him to hide in it just before sunset. The wicked old man found the hollow tree and entered it. He had not remained concealed more than a few minutes when he rejoiced to see the demons. Presently one of the company said: 'The old man is a long time coming. I made sure he would keep his promise.' At these words the old man crept out of his hiding-place, flourished his fan, and began to dance; but, unfortunately, he knew nothing about dancing, and his extraordinary antics caused the demons to express considerable dissatisfaction. 'You dance extremely ill,' said one of the company, 'and the sooner you stop the better we shall be pleased; but before you depart we will return the pledge you left with us last night.' Having uttered these words, the demon flung the wen at the right cheek of the old man, where it remained firmly fixed, and could not be removed. So the wicked old man, who had tried to deceive the demons, went away with a wen on either side of his face.",Asian,en
8,The Elves and the Envious Neighbor,Japan,"A. B. Mitford, Tales of Old Japan, vol. 1 (London: Macmillan and Company, 1871), pp. 276-77.","Once upon a time there was a certain man, who, being overtaken by darkness among the mountains, was driven to seek shelter in the trunk of a hollow tree. In the middle of the night, a large company of elves assembled at the place; and the man, peeping out from his hiding place, was frightened out of his wits. After a while, however, the elves began to feast and drink wine, and to amuse themselves by singing and dancing, until at last the man, caught by the infection of the fun, forgot all about his fright, and crept out of his hollow tree to join in the revels. When the day was about to dawn, the elves said to the man, 'You're a very jolly companion, and must come out and have a dance with us again. You must make us a promise, and keep it.' So the elves, thinking to bind the man over to return, took a large wen that grew on his forehead and kept it in pawn; upon this they all left the place, and went home. The man walked off to his own house in high glee at having passed a jovial night, and got rid of his wen into the bargain. So he told the story to all his friends, who congratulated him warmly on being cured of his wen. But there was a neighbor of his who was also troubled with a wen of long standing, and, when he heard of his friend's luck, he was smitten with envy, and went off to hunt for the hollow tree, in which, when he had found it, he passed the night. Elves, mistaking him for their former boon-companion, were delighted to see him, and said, 'You're a good fellow to recollect your promise, and we'll give you back your pledge.' So one of the elves, pulling the pawned wen out of his pocket, stuck it onto the man's forehead, on the top of the other wen which he already had. So the envious neighbor went home weeping, with two wens instead of one. This is a good lesson to people who cannot see the good luck of others, without coveting it for themselves. Macmillan and Company, 1871), pp. 276-77.",Asian,en
9,The Flying Dutchman,South Africa,"Source (books.google.com): R. Montgomery Martin, History of the British Colonies, vol. 4: Possessions in Africa and Austral-Asia (London: James Cochrane and Company, 1835), pp. 57-59. Source (Internet Archive): R. Montgomery Martin, History of the British Colonies, vol. 4: Possessions in Africa and Austral-Asia (London: James Cochrane and Company, 1835), pp. 57-59. li>This account was reprinted in: Army and Navy Chronicle, vol. 3, no. 26 (Washington: December 29, 1836), p. 406.","The supposed origin of the 'Flying Dutchman' is that a vessel from Batavia was on the point of entering Table Bay in stress of weather during the Dutch occupation os the Cape, when in the winter season, no vessel was allowed to enter the bay: the batteries fired on the distressed ship, and compelled it to put to sea, where it was lost, and as the sailors say has continued ever since beating about, and will continue to do so till the day of judgment. The 'Dutchman' is said to appear generally to ships in a heavy gale, with all sail set -- and when the eastern navigator is in a calm, the Dutchman appears to be scudding under bare poles. As many persons think such an apparition the creation of fancy, I give the following statement which was noted down in the logbook of his Majesty's ship Leven, when employed with the Barracouta, &c, in surveying East Africa, and in the dangers and disaster of which squadron I participated. His Majesty's ship Leven, Capt. W. F. W. Owen, on the 6th April, 1823, when off Point Danger, on her voyage from Algoa to Simon's Bay, saw her consort the Barracouta about two miles to leeward; this was considered extraordinary as her sailing orders would have placed her in a different direction; but her peculiar rig left no doubt as to her identity, and at last many well known faces were distinctly visible looking towards the Leven. Capt. Owen attempted to close with her to speak, but was surprised that she not only made no effort to join the Leven, on the contrary stood away: being near the destined port, Capt. Owen did not follow her, and continued on his course to the Cape, but at sunset she was observed to heave to and lower a boat, apparently for the purpose of picking up a man overboard; during the night there was no light nor any symptoms of her locality. The next morning, the Leven anchored in Simon's Bay where for a whole week the Barracouta was anxiously expected. On her arrival (the 14th) it was seen by her log, that she was 300 miles from the Leven, when the latter thought she saw her, and had not lowered any boat that evening; it should also be remarked that no other vessel of the same class was ever seen about the Cape. On another occasion a similar phenomenon was witnessed by the Leven, and a boat was apparently lowered as is generally the case when the phantom seeks to lure his victim. The veteran sailor was not however, to be caught,* and the Leven after many perils, reached England in safety. *It is said that any vessel which the 'Dutchman' can get his letters on board of is certain to be lost. Thrice as a passenger in a merchant ship, I saw a vessel in nearly similar circumstances: on one occasion we hoisted lights over the gang-way to speak with the stranger; the third time was my recent return from India. We had been in 'dirty weather,' as the sailors say, for several days, and to beguile the afternoon I commenced after dinner narrating to the French officers and passengers (who were strangers to the Eastern seas), the stories current about the 'Flying Dutchman.' The wind, which had been freshening during the evening, now blew a stiff gale, and we proceeded on deck to see the crew make our bark all snug for the night. The clouds, dark and heavy, coursed with rapidity across the moon, whose lustre is peculiar in the S. hemisphere, and we could see a distance of from eight to ten miles on the horizon. Suddenly the second officer, a fine Marseilles sailor, who had been among the foremost in the cabin in laughing at and ridiculing the story of the 'Flying Dutchman,' ascended the weather rigging, exclaiming, 'Voila le volant Hollandais!' The captain sent for his night glass, and soon observed, 'It is very strange, but there is a ship bearing down upon us with all sail set, while we dare scarcely show a pocket-handkerchief to the breeze.' In a few minutes the stranger was visible to all on deck; her rig plainly discernible, and people on her poop; she seemed to near us with the rapidity of lightning, and apparently wished to pass under our quarter, as if for the purpose of speaking. The captain, a resolute Bordeaux mariner, said it was quite incomprehensible, and sent for the trumpet to hail or answer, when in an instant, and while we were all standing on the qui vive, the stranger totally disappeared, and was no more seen. I give this, coupled with Capt. Owen's statement as regards H. M. S. Leven, without remark, and, but that it would seem frivolous, could relate several other instances. The reader will, I hope, excuse this digression, which could not well be avoided in treating of the Cape of Good Hope, whose name is almost associated with that of the 'Flying Dutchman.' li>This account was reprinted in: Army and Navy Chronicle, vol. 3, no. 26 (Washington: December 29, 1836), p. 406.",African_Diaspora,en
10,The Bucket,Italy,"Source (books.google.com): Thomas Frederick Crane, Italian Popular Tales (London: Macmillan and Company, 1885), no. 26, pp. 100-102. Source (Internet Archive): Thomas Frederick Crane, Italian Popular Tales (London: Macmillan and Company, 1885), no. 26, pp. 100-102.","She said one day to the bad one: 'Go and draw a bucket of water.' The bad one did not want to go, and so she would not obey her mother. The good daughter, however, said: 'I will go and draw it.' She went to draw the water, and the bucket fell down the well. She said: 'If I go home now without the bucket, who knows what my mother will do to me?' So she climbed down the well, and at the bottom found a narrow passage, with a door. She knocked at the door. 'Have you not found a cord and bucket?' There was a saint there, who answered: 'No, my child.' She continued her way and found another door. 'Have you not found a cord and bucket?' 'No!' That was the devil there. He answered her angrily because she was a good girl; he did not say: 'My child.' She knocked at another door. 'Have you not found a cord and bucket?' It was the Madonna who replied: 'Yes, my child. Listen. You could do me a pleasure to stay here while I am away. I have my little son here, to whom you will give his soup; you will sweep and put the house in order. When I come home I will give you your bucket.' The Madonna went away, and the good girl put the house in order, gave the child his broth, swept the house; and while she was sweeping, instead of finding dirt, she found coral and other beautiful things. She saw that it was not dirt, and put it aside to give the Madonna when she returned. When the Madonna came back, she asked: 'Have you done all I told you to do?' The good girl answered: 'Yes, but I have kept these things here; I found them on the ground; it is not dirt.' 'Very well; keep them for yourself. Would you like a dress of calico, or one of silk?' The girl answered: 'No, no! a calico dress.' Instead of that, the Madonna gave her the silk one. 'Do you wish a brass thimble, or a silver one?' 'Give me the brass one.' 'No, take the silver thimble. Here is the bucket and your cord. When you reach the end of this passage, look up in the air.' The girl did so, and a beautiful star fell on her brow. She went home, and her mother ran to meet her to scold her for being away so long; and was about to strike her, when she saw the star on her brow, which shone so that it was beautiful to see, and said: 'Where have you been until now? Who put that thing on your forehead?' The girl answered: 'I don't know what there is there.' Her mother tried to wash it away, but instead of disappearing, it shone more beautiful than ever. Then the girl told what had happened to her, and the other sister wished to go there, too. She went, and did the same as her sister. She let the bucket fall, climbed down, and knocked at the saint's door. 'Have you not found a cord and bucket?' 'No, my child.' She knocked at the next door. 'Have you not found a cord and bucket?' The devil answered: 'No, I have not found them; but come here, my child, come here.' But when she heard that he had not found her bucket, she said: 'No, I will go on.' She knocked at the Madonna's door. 'Have you not found a cord and bucket?' The Madonna said that she had. 'I am going away: you will give my son his broth, and then you will sweep. When I return I will give you your bucket.' Instead of giving the broth to the child, the bad girl ate it herself. 'Oh!' she said, 'how good it was!' She swept and found a great deal of dirt. 'Oh, poor me! My sister found so many pretty things!' The Madonna returned. 'Have you done what I told you?' 'Yes.' 'Do you wish the brass or silver thimble?' 'Oh! I want the silver one!' She gave her the brass one. 'Do you want the calico dress or the silk one?' 'Give me the silk dress.' She gave her the calico dress. 'Here is your bucket and cord. When you are out of here, look up into the air.' When she was out she looked up into the air and there fell on her forehead a lump of dirt that soiled her whole face. She went home in a rage to weep and scold her sister because she had had the star, while she had that dirt on her face. Her mother began to wash her face and rub it; and the more she did so the less the dirt went away. Then the mother said: 'I understand; the Madonna has done this to show me that I loved the bad girl and neglected the good one.'",European,en
11,The Girl without Legs,Somalia,"Source (books.google.com): J. W. C. Kirk, ""Specimens of Somali Tales,"" Folk-Lore: Transactions of the Folk-Lore Society, a Quarterly Review of Myth, Tradition, Institution, and Custom, vol. 15 (1904), no. 3, pp. 319-21. Source (Internet Archive): J. W. C. Kirk, ""Specimens of Somali Tales,"" Folk-Lore: Transactions of the Folk-Lore Society, a Quarterly Review of Myth, Tradition, Institution, and Custom, vol. 15 (1904), no. 3, pp. 319-21.","A Sultan had a daughter, and the daughter used to be taught the Koran. One day the Sultan went on a pilgrimage, and entrusted his daughter to a priest and said, 'Continue to teach that girl the Koran.' The priest coveted the girl, wishing to lie with her, but the girl refused. One day she said, 'Come to me tomorrow.' On the day arranged she removed from the house the ladder by which the priest used to ascend. He then sent a letter to her father, and he wrote, 'Your daughter has become a whore.' The Sultan returned from the pilgrimage, and he was angry with the girl, and he handed her over to some slaves, and he said, 'Cut that girl's throat.' Then the slaves took the girl, and brought her to a wooded place, and they cut off her legs while they dug her grave. While they were digging the grave she crawled away, and went into some trees and hid. When the slaves had dug the grave, they looked in the place where she had lain and could not find her. Then they slew a gazelle, and the gazelle's blood they poured into a bottle, and brought the blood to the Sultan and said, 'We have slain the girl.' One day later a caravan passed by the place and camped where the girl lay. In the afternoon as the party were loading up the camels, they saw the girl sitting under a tree. A man took the girl, and put her on a camel, and brought her to the town they came to. The man who took the girl put her to live in a house. Later on the son of the Sultan saw the girl's face, and the young man saw that her face was beautiful, and he said to the man whose house she dwelt in, 'Let me marry that girl from you.' And the man said, 'The girl has no legs.' Then the Sultan's son said, 'I will marry her, give her to me.' And so the man said, 'Well and good.' And the Sultan's son married her. She bore two children, and while she was with child the young man said, 'I am going on a pilgrimage.' And he left her a ram, and went on the pilgrimage. While he was away on the pilgrimage his wife had a dream, and she dreamed that two birds sat upon her two legs, and her legs had grown out, and that she made the pilgrimage. In the morning at break of day she saw the two birds sitting upon her two legs, and the legs had grown out. After daylight she took her two children and the ram and the two birds and went on the pilgrimage. She came to a building at the half way, and there came to her her father and her brother and the priest and her husband, none of whom knew her. She told stories to her children, and she related all that had happened to her, and her father heard and the priest. Then the priest tried to run away, but the Sultan said, 'Sit down until the story is finished.' Then the Sultan, the girl's father, cut the priest's throat, and the girl and her father and husband they went on together and made the pilgrimage. And so the girl and her father were reconciled.",African_Diaspora,en
12,The Just Man (Italy),Italy,"Thomas Frederick Crane, Italian Popular Tales (London: Macmillan and Company, 1885), no. 67, pp. 226-27.","Once upon a time there was a peasant and his wife who had a child that they would not baptize until they could find a just man for his godfather. The father took the child in his arms and went into the street to look for this just man. After he had walked along a while, he met a man, who was our Lord, and said to him, 'I have this child to baptize, but I do not want to give him to anyone who is not just. Are you just?' The Lord answered, 'But -- I don't know whether I am just.' Then the peasant passed on and met a woman, who was the Madonna, and said to her, 'I have this child to baptize and do not wish to give him to anyone who is not just. Are you just?' 'I don't know,' said the Madonna. 'But go on, for you will find someone who is just.' He went his way and met another woman, who was Death, and said to her, 'I have been sent to you, for I have been told that you are just, and I have this child to baptize, and do not wish to give it to one who is not just. Are you just?' Death said, 'Yes, I believe I am just! Let us baptize the child, and then I will show you whether I am just.' Then they baptized the child, and afterwards Death led the peasant into a very long room, where there were many lights burning. 'Godmother,' said the man, astonished at seeing all the light, 'what are all these lights?' Death said, 'These are the lights of all the souls in the world. Would you like to see, friend? This is yours and this is your son's' When the peasant saw that his light was about to expire, he said, 'And when the oil is all consumed, godmother?' 'Then,' answered Death, 'you must come with me, for I am Death.' 'Oh! for mercy's sake,' cried the peasant, 'let me at least take a little oil from my son's lamp and put it in mine!' 'No, no, godfather,' said Death. 'I don't do anything of that sort. You wished to see a just person, and a just person you have found. And now go home and arrange your affairs, for I am waiting for you.'",European,en
13,Magic Flight,African American,"A. M. Bacon and E. C. Parsons, ""Folk-Lore from Elizabeth City County, Virginia,"" Journal of American Folk-Lore, vol. 35, no. 137 (July - September 1922), pp. 280-81.","Was a little girl named Katie; and an old woman lived in a house by herself, and everybody believed she was a witch. As Katie was passin' by, the old woman opened the door and told her to come in, and the little girl went in and saw a beautiful room with lots of pretty pictures; and the old woman said she would give her some apples to eat. And after she finished eating the apples, the old woman told her to stay with her all the time. An' then Katie remembered that her mother sent her on an errand to get something for supper. She told the ol' woman that she would stay, but she had to get something for her mother for supper, else she wouldn' have anything. An' she told her she could have anything she wanted; and she took a wand and hit the table, an' in Katie's mother's house there came lots of good things, and she was wonderin' where they came from. And Katie 'greed to stay with her for a week. An' at the end of the week she had a dream. She dreamed that a elf came and told her that the witch was goin' to kill her. The next night she dreamed the same thing. The elf left her a comb and a handkerchief, and told her to drop them when the witch came after her. She jumped out the window in the middle of the night; and as she was almos' nearin' home, she looked behind and saw the witch comin' after her. So she dropped her comb, an' a fores' grew up; and it took the witch a long time to get through. Then, after she got through, Katie dropped her handkerchief, and a river came. An' the witch had to cross the river. As she was almos' home, she came to a woods where a wood-cutter was cuttin' down some trees. The woodcutter saw the witch, so he cut off her haid. He took Katie home. And her mother told her that came of children that disobeyed.",African_Diaspora,en
14,"Heyo, House!",African American,"Joel Chandler Harris, Uncle Remus and His Friends: Old Plantation Stories, Songs, and Ballads, with Sketches of Negro Character (Boston and New York: Houghton Mifflin Company, 1892), pp. 143-46. This episode is extracted from a longer tale (pp. 142-46).","One day whiles ole Miss Rabbit en de little Rabs is out pickin' sallid fer dinner, he [Brer Wolf] went in de house, he did, en wait fer Brer Rabbit ter come home. Brer Rabbit had his hours, en dis wuz one un um, en't wan't long 'fo' here he come. He got a mighty quick eye, mon, en he tuck notice dat ev'ything mighty still. When he got little nigher, he tuck notice dat de front door wuz on de crack, en dis make 'im feel funny, kaze he know dat when his ole 'oman en de chillun out, dey allers pulls de door shet en ketch de latch. So he went up a little nigher, en he step thin ez a battercake. He peep here, en he peep dar, yit he ain't see nothin'. He lissen in de chimbley cornder, en he lissen und' de winder, yit he ain't hear nothin'. Den he sorter wipe his mustach en study. He 'low ter hisse'f, 'De pot-rack know what gwine on up de chimbley, de rafters know who's in de loft, de bed-cord know who und' de bed. I ain't no pot-rack, I ain't no rafter, en I ain't no bed-cord, but, please gracious! I 'm gwine ter fin' who's in dat house, en I ain't gwine in dar nudder. Dey mo' ways ter fin' out who fell in de mill-pond widout fallin' in yo'se'f.' 'Some folks,' Uncle Remus went on, 'would 'a' rushed in dar, en ef dey had, dey would n't 'a' rushed out no mo', kaze dey wouldn't 'a' been nothin' 't all lef un um but a little scrap er hide en a han'ful er ha'r.' Brer Rabbit got better sense dan dat. All he ax anybody is ter des gi' 'im han'-roomance, en dem what kin ketch 'im is mo' dan welly-come ter take 'im. Dat 'zackly de kinder man what Brer Rabbit is. He went off a little ways fum de house en clum a 'simmon stump en got up dar en 'gun ter holler, 'He'low, Heyo, house!' De house ain't make no answer, en Brer Wolf, in dar behime de door, open his eyes wide. He ain't know what ter make er dat kinder doin's. Brer Rabbit holler, 'Heyo, house! Why n't you heyo?' House ain't make no answer, en Brer Wolf in dar behime de door sorter move roun' like he gittin' restless in de min'. Brer Rabbit out dar on de 'simmon stump holler mo' louder dan befo', 'Heyo, house! Heyo!' House stan' still, en Brer Wolf in dar behime de door 'gun ter feel col' chills streakin' up and down his back. In all his born days he ain't never hear no gwines on like dat. He peep thoo de crack er de door, but he can't see nothin'. Brer Rabbit holler louder, 'Heyo, house! Ain't you gwine ter heyo? Is you done los' what little manners you had?' Brer Wolf move 'bout wuss'n befo'. He feel des like some un done hit 'im on de funny-bone. Brer Rabbit holler hard ez he kin, but still he ain't git no answer, en den he 'low, 'Sholy sump'n nudder is de matter wid dat house, kaze all de times befo' dis, it been holler'n back at me, 'Heyo, yo'se'f!'' Den Brer Rabbit wait little bit, en bimeby he holler one mo' time, 'Heyo, house!' Ole Brer Wolf try ter talk like he speck a house 'ud talk, en he holler back, 'Heyo, yo'se'f!' Brer Rabbit wunk at hisse'f. He low, 'Heyo, house! why n't you talk hoarse like you got a bad col'?' Den Brer Wolf holler back, hoarse ez he kin, 'Heyo, yo'se'f!' Dis make Brer Rabbit laugh twel a little mo' en he 'd a drapt off'n dat ar 'simmon stump en hurt hisse'f. He 'low, 'Eh-eh, Brer Wolf! dat ain't nigh gwine ter do. You 'll hatter stan' out in de rain a mighty long time 'fo' you kin talk hoarse ez dat house!' 'I let you know,' continued Uncle Remus, laying his hand gently on the little boy's shoulder, 'I let you know, Brer Wolf come a-slinkin' out, en made a break fer home. Atter dat, Brer Rabbit live a long time wid'out any er de yuther creeturs a-pesterin un 'im!'",African_Diaspora,en
15,The Ingrates,Italy,"Thomas Frederick Crane, Italian Popular Tales London: Macmillan and Company, 1885), no. 38, pp. 150-51.","There was once a man who went into the forest to gather wood, and saw a snake crushed under a large stone. He raised the stone a little with the handle of his axe, and the snake crawled out. When it was at liberty, it said to the man, 'I am going to eat you.' The man answered, 'Softly. First let us hear the judgment of someone, and if I am condemned, then you shall eat me.' The first one they met was a horse as thin as a stick, tied to an oak tree. He had eaten the leaves as far as he could reach, for he was famished. The snake said to him, 'Is it right for me to eat this man who has saved my life?' The nag answered, 'More than right. Just look at me! I was one of the finest horses. I have carried my master so many years, and what have I gained? Now that I am so badly off that I can no longer work they have tied me to this oak, and after I have eaten these few leaves I shall die of hunger. Eat the man, then. For he who does good is ill rewarded, and he who does evil must be well rewarded. Eat him, for you will be doing a good day's work.' They afterwards happened to find a mulberry tree, all holes, for it was eaten by old age. And the snake asked it if it was right to eat the man who had saved its life. 'Yes,' the tree answered at once, 'for I have given my master so many leaves that he has raised from them the finest silkworms in the world. Now that I can no longer stand upright, he has said that he is going to throw me into the fire. Eat him, then, for you will do well.' Afterwards they met the fox. The man took her aside and begged her to pronounce in his favor. The fox said, 'The better to render judgment I must see just how the matter has happened.' They all returned to the spot and arranged matters as they were at first. But as soon as the man saw the snake under the stone he cried out, 'Where you are, there I will leave you.' And there the snake remained. The fox wished in payment a bag of hens, and the man promised them to her for the next morning. The fox went there in the morning, and when the man saw her he put some dogs in the bag, and told the fox not to eat the hens close by, for fear the mistress of the house would hear it. So the fox did not open the bag until she had reached a distant valley. Then the dogs came out and ate her. And so it is in the world. For who does good is ill rewarded, and who does evil is well rewarded.",European,en
16,The Jackal's Judgment,Sri Lanka,"H. Parker, Village Folk-Tales of Ceylon, vol. 1 (London: Luzac and Company, 1910), no. 63, pp. 339-40.","A crocodile made his burrow in the embankment of a tank near a village. Afterwards the mud dried and became hard, so the crocodile was unable to get out of the hole. He was going to die. A man passed by on his was to fetch a midwife to attend to his wife. The crocodile heard him and said, 'Save me by breaking up the earth, so that I may get out.' The man broke up the earth and let him out. As there was no water left in the tank, the man placed the crocodile on his shoulder and went to the edge of the river. He then placed the crocodile into the water, but no sooner had he done so than the crocodile seized him by the arm and was about to eat him. 'Why are you going to eat me?' he asked. 'Do you not know how I helped you? And still you are going to eat me!' The crocodile said, 'It is true, indeed, that you helped me. But I am going to eat you, because I am hungry.' The man said, 'It is good. You may eat me, but first let as ask two or three persons as witnesses.' So they went to ask the witnesses about it. They came to a kumbuk tree, and the man said to it, 'This crocodile is going to eat me. I am asking your opinion of it.' 'What is it all about?' The man said, 'This crocodile was going to die. I saved him. Now he is going to eat me. Is that right?' The kumbuk tree said, 'O crocodile, do not let that man go. There is no animal so wicked as that man. He stays near a tree in its shade, then he breaks off its bark and leaves and takes them away. In the end he cuts it down and takes the whole tree.' From there he went and asked a cow, 'O cow, I saved this crocodile from death. He is now going to eat me. Do you think that is right?' The cow said, 'O crocodile, do not let that man go. That man is a wicked man. He takes our milk, and in the end he kills and eats us. Do not let him go.' After that he asked a jackal about it. The jackal asked, 'What is it all about?' He said to the jackal, 'O jackal, I saved this crocodile instead of letting him die. Now he is going to eat me.' The jackal said, 'I cannot give you a decision without knowing the whole story. You must show me the whole affair from the beginning.' So the man placed the crocodile on his shoulder and carried him back to his home. He put it back in its burrow and packed the soil in around him. The jackal said, 'Don't be afraid. I am on your side.' Then the man said, 'Jackal, hear this case.' The jackal said, 'I am both the judge and the witness. Now take up a cudgel and beat him until he is dead. I saw your excellence and his wickedness.' Retold by D. L. Ashliman. Parker's translation follows his Sinhalese sentence. I have cautiously attempted to bring his narrative closer to idiomatic English.",Asian,en
17,"The Lion, the Horse, and the Fox",Italy,"Laura Gonzenbach, ""Vom Löwen, Pferd und Fuchs,"" Sicilianische Märchen, aus dem Volksmund gesammelt (Leipzig: Verlag von Wilhelm Engelmann, 1870), vol. 2, no. 69, pp. 77-78.","'I'll do that,' answered the horse, 'but you must promise not to eat me.' The lion promised, and the horse dug with his hooves until he had freed the lion. However, as soon as the lion saw that he was free, he said, 'Now I am going to eat you.' 'What were the conditions?' said the horse. 'Did we not agree that you would not eat me?' 'That makes no difference now,' shouted the lion. 'But if you want to, we can go before a judge.' 'Good,' replied the horse. 'But whom shall we choose?' 'The fox,' said the lion. The horse agreed to this, so they went to the fox, and the lion presented him with the question. 'Yes,' answered the fox, 'it seems to me that you must be right, Mr. Lion, but I cannot finalize my judgment until I have seen how the two of you were standing.' So all three of them went to the rocky cleft, and the horse positioned himself in the same place he had stood. Then the fox told the lion to force himself back into the cleft. 'Is that how you were standing?' he asked. 'This leg was a little more twisted,' answered the lion. 'Then push yourself in a little more tightly. You must be in exactly the same position as you were when you asked the horse for help.' The lion pushed himself in a little more, and the fox asked again, 'Is that exactly how you were standing?' 'This front leg was a little further inside.' 'Then push yourself in still a little more.' Finally the lion had pushed himself in so tightly that he could not get out again. 'So,' said the fox. 'now you are exactly where you were before. Now the horse can decide whether he will help you out again.' The horse, however, did not want to do so, but instead threw stones at the lion until he was dead. Yes, indeed, the fox is sly!",European,en
18,The Jackal and the Farmer,North Africa (Kabyl),"Leo Frobenius, ""Der Schakal und der Bauer,"" Volksmärchen der Kabylen, Band 3: Das Fabelhafte (Jena: Eugen Diederichs, 1921), no. 7, pp. 24-26.","The farmer was terrified. He unhitched one of the oxen and gave it to the lion. The lion took it and dragged it away. The farmer went home with the remaining ox and bought a second one that same evening so that the next day he would be able to plow again. The next day the farmer plowed again from morning morning until evening, and when it was evening the lion came again and said, 'Farmer, give me one of your two oxen or I'll kill both of them and you as well.' Again the farmer gave him an ox. That evening he bought another ox so that he would be able to plow again the next day. The next evening the lion came again and demanded an ox. The farmer gave the lion an ox every evening. One evening the jackal came by as the farmer was driving his single ox home. The jackal said, 'Every morning I see you leave the farmyard with two oxen and every evening I see you coming back with only one. Why is that?' The farmer said, 'Every evening when I am finished with the day's work the lion comes and demands one of my oxen and threatens to kill me and both oxen if I don't grant his wish.' The jackal said, 'If you promise to give me a sheep I will free you from the lion.' The farmer answered, 'If you can free me from the lion I will gladly promise you a sheep.' The jackal said, 'Tomorrow I will call out with a disguised voice from up there on the hill and ask who is speaking with you. Then you answer that it is only an Asko (a block of wood to be split). Have a hatchet at hand. Do you understand me?' The farmer said, 'Certainly, I understand you.' The next day the farmer took a hatchet with him to the field and plowed as usual with the two oxen from morning till eve. When it was evening the lion came and said, 'Farmer, give me an ox or I shall kill both oxen and you as well.' When the lion had said that a deep voice spoke from the hill and said, 'Farmer, who is talking with you?' The lion was afraid, ducked down, and said in a frightened voice, 'That is god.' But the farmer replied loudly, 'It is only an Asko.' The voice answered loudly, 'Then take your hatchet and split the block of wood.' The lion said softly, 'Just hit me gently, farmer,' and with that he bowed his head. The farmer gripped his hatchet and struck at the lion's skull with all his force so that he split it, and the lion died at once. The jackal came down from the hill and said, 'I have done what I promised. The lion is finished. Tomorrow I will come again to fetch the sheep that you promised me.' The farmer said, 'You shall have it.' The farmer came home. He said to his wife, 'The jackal has freed me from the lion. Now I will give him a ram. I will kill it. You pack it up so that I can take it with me to the field tomorrow.' The man killed the ram. As his wife was packing it up she said, 'Why shouldn't we eat the good ram ourselves?' She put the ram into a leather sack. She laid the leather sack in a wicker basket. But she had their dog to lie down in the basket beside the leather sack. She said to the farmer, 'If the jackal does not take the ram during the day, then bring it home again. Otherwise the animals that have done nothing for you will eat it during the night. Set the basket down in the field just as it is and then let happen what will.' The farmer went to the field. He put the basket down on the field and shouted, 'Jackal here is your ram!' Then he went to work, plowing from morning until evening without further concerning himself about the basket, the ram, or the jackal. However, the jackal approached the basket in order to get the ram. When he stuck his nose into the basket the dog leaped up. The jackal ran away as fast as he could. The dog ran after him for a while but seeing that the jackal was too fast, he gave up and ran home. The jackal swore never to help men again. In the evening the farmer came. He looked into the basket and found the ram still untouched. So he picked up the basket again with the ram in it, brought it home, and said, 'The jackal has not called for his ram. Now we can eat it ourselves!'",African_Diaspora,en
19,The King Who Learnt the Speech of Animals,Sri Lanka,"H. Parker, Village Folk-Tales of Ceylon, vol. 3 (London: Luzac and Company, 1914), no. 238, pp. 258-60.","In a certain country a king was rearing wild animals. The king had learnt in a thorough manner the speech of animals. One day at that time the fowls were saying, 'Our king assists us very much; he gives us food and drink.' They thanked the king very much. The king having heard their talk, the king laughed with pleasure. The royal queen having been near, asked, 'What did you laugh at?' 'I merely (nikan) laughed,' the king said. Should he explain and give the talk to any person the king will die. Because of it he did not explain and give it. That the king knows the speech of animals he does not inform anyone. The royal queen says, 'There is no one who laughs in that way without a reason. Should you not say the reason I am going away, or having jumped into a well I shall die.' Thereupon the king, because he was unable to be released from [the importunity of] the queen, thought, 'Even if I am to die I must explain and give this.' Thinking thus, he went to give food to the animals. Then it was evident to those animals that this king is going to die. Out of the party of animals first a cock says, 'His majesty our king is going to be lost. We don't want the food. We shall not receive assistance. Unless his majesty the king perish thus we shall not perish. In submission to me there are many hens. When I have called them the hens come. When I have told them to eat they eat. When I have told them to go they go. The king, having become submissive in that manner to the thing that his wife has said, is going to die.' The king having heard it, laughed at it also. Then, also, the royal queen asked, 'What did you laugh at?' Thereupon, not saying the [true] word, the king said, 'Thinking of constructing a tank, I laughed.' Then the queen said, 'Having caused the animals that are in this Lankawa (Ceylon) to be brought, let us build a tank.' Then the king having said, 'It is good,' caused the animals to be brought. The king having gone with the animals, showed them a place [in which] to build a tank; and telling them to build it came away. The animals, at the king's command being unable to do anything, all together began to struggle on the mound of earth. Those which can take earth in the mouth take it in the mouth. All work in this manner. The jackal, not doing work, having bounded away remained looking on. After three or four days, the king having gone [there] trickishly stayed looking on. The king saw that the other animals are all moving about as though working. The jackal, only, having bounded off is looking on. Having seen it he asked the jackal, 'The others are all working. Thou, only, art looking upward. Why?' Thereupon the jackal said, 'No, O lord, I looked into an account.' Then the king asked, 'What account art thou looking at?' The jackal says, 'I looked whether in this country the female3s are in excess or the males are in excess.' The king asked, 'By the account which thou knowest, are the females in excess or the males in excess?' The jackal said, 'So far as I can perceive, the females are in excess in this country.' Then the king said that men are in excess. Having said it the king said, 'I myself having gone home and looked at the books, if males are in excess I shall give thee a good punishment.' The king having come home and looked at the books, it appeared that the males were in excess. Thereupon the king called the jackal, and said, 'Bola, males are in excess.' Then the jackal says, 'No, O lord, your majesty, they are not as many as the females. Having also put down to the female account the males who hearken to the things that females say, after they counted them the females would be in excess.' Then the jackal said, 'Are the animals able to build tanks? How shall they carry the earth?' Thereupon the king having considered it, and having said, 'Wild animals, wild animals, you are to go to the midst of the forest,' came home. At that time, the queen asked, 'Is the tank built and finished?' Then the king, taking a cane, began to beat the queen. Thereupon the queen, having said, 'Ané! O lord, your majesty, I will never again say anything, or even ask anything,' began to cry aloud. The king got to know that the jackal was a wise animal. Western Province.",Asian,en
20,The Three Brothers,Italy,"Thomas Frederick Crane, Italian Popular Tales (Boston and New York: Houghton, Mifflin, and Company, 1885), no. 84, pp. 263-264.","Once upon a time there were three brothers. Two had no clothes and one no shirt. The weather was very bad, and they make up their minds to go shooting. So they took down three guns -- two were broken and one had no barrel -- and walked and walked until they came at last to a meadow, where they saw a hare. They began to fire at it, but could not catch it. 'What shall we do?' said one of them. They remembered that nearby a godmother of theirs lived. So they went and knocked at her door and asked her to lend them a pot to cook the hare they had not caught. The godmother was not at home, but nevertheless she answered, 'My children, go in the kitchen and there you will find three pots, two broken and one with no bottom. Take whichever you wish.' 'Thanks, godmother!' They went into the kitchen and chose the one without a bottom and put the hare in it to cook. While the hare was cooking, one said, 'Let ask our godmother whether she has anything in her garden.' So they asked her, and she said, 'I have three walnut trees. Two are dead and one has never borne any nuts. Knock off as many as you wish.' One went and shook the tree that had never borne nuts, and a little nut fell on his hat and broke his heel. Thereupon they picked up the nuts and went to get the hare, which meanwhile was cooked, and said, 'What shall we do with so much stuff?' So they went to a village where there were many ill, and they put up a notice in the street that whoever wished might, at such and such a place, get broth given him in charity. Everyone went to get some, and they took it in the salad basket, and it was given to them with a skimmer. One who did not belong to the village drank so much of this broth that he was at the point of death. Then they went for three physicians. One was blind, one deaf, and one dumb. The blind man went in and said, 'Let me look at your tongue.' The deaf man said, 'How are you?' The dumb said, 'Give me some paper, pen, and ink.' They gave them to him, and he said, Go to the apothecary, For he knows the business. Buy two cents' worth of I know not what. Put it wherever you wish. He will get well I know not when, I will leave and commend him to you. and New York: Houghton, Mifflin, and Company, 1885), no. 84, pp. 263-264.",European,en
21,The Foolish Dragon,China,"E. T. C. Werner, Myths and Legends of China (London: G. Harrap and Company, 1922), pp. 211-212.","The part of the great Buddha legend referring to the dragon is as follows: In years gone by, a dragon living in the great sea saw that his wife's health was not good. He, seeing her color fade away, said, 'My dear, what shall I get you to eat?' Mrs. Dragon was silent. 'Just tell me and I will get it,' pleaded the affectionate husband. 'You cannot do it; why trouble?' quoth she. 'Trust me, and you shall have your heart's desire,' said the dragon. 'Well,' I want a monkey's heart to eat.' 'Why, Mrs. Dragon, the monkeys live in the mountain forests! How can I get one of their hearts?' 'Well, I am going to die; I know I am.' Forthwith the dragon went on shore, and, spying a monkey on the top of a tree, said, 'Hail, shining one, are you not afraid you will fall?' 'No, I have no such fear.' 'Why eat of one tree? Cross the sea and you will find forests of fruit and flowers.' 'How can I cross?' 'Get on my back.' The dragon with his tiny load went seaward, and then suddenly dived down. 'Where are you going?' said the monkey, with the salt water in his eyes and mouth. 'Oh! my dear sir! my wife is very sad and ill, and has taken a fancy to your heart.' 'What shall I do?' thought the monkey. He then spoke, 'Illustrious friend, why did not you tell me? I left my heart on the top of the tree; take me back, and I will get it for Mrs. Dragon.' The dragon returned to the shore. As the monkey was tardy in coming down from the tree, the dragon said, 'Hurry up, little friend, I am waiting.' Then the monkey thought within himself, 'What a fool this dragon is!' Then Buddha said to his followers, 'At this time I was the monkey.' Harrap and Company, 1922), pp. 211-212.",Asian,en
22,The Most Sensitive Woman,Italy,"Christian Schneller, ""Die Empfindlichste"" (La più delicata), Märchen und Sagen aus Wälschtirol (Innsbruck: Verlag der Wagner'schen Universitäts-Buchhandlung, 1867), no. 45, pp. 128-29. (Links open in new windows.)","The parents of a prince wanted him to marry, but he said, 'I will marry only such a woman about whom I can say with good conscience that she is the most sensitive woman in the world.' His parents answered, 'Then go and find her!' He went forth and came to a woman whose head was all bandaged up and who appeared to be suffering. 'What is the matter with you?' he asked. 'Oh,' she said, 'this morning my maid was combing my hair, and she pulled one out, which is causing me great pain.' But the prince thought to himself, 'She isn't the right one. I will seek further.' He went on his way and found another woman. Her entire body was wrapped with the finest linen, and she looked very sad. 'What is the matter with you?' he asked. 'Oh,' she said, 'last night while I was in bed there was a little wrinkle in the sheet I was lying on, and it has made me sick.' But the prince thought, 'She is not the most sensitive one either. There must be a better one.' He continued on his way and came to a third woman. She was sitting in an easy chair and had a bandaged foot. She was crying bright tears and was distorting her pretty face until one had to feel sorry for her. 'What is the matter with you?' asked the prince. 'Oh,' she groaned, 'this morning while I was strolling in the garden a little breeze came up and blew the petal of a jasmine blossom onto my foot.' The prince thought about this a little while, and then said, 'You are the right one, for there cannot be a more sensitive woman than you!' And he married her. Did he do the right thing? Unfortunately the storyteller does not know, for she has run out of yarn. delicata), Märchen und Sagen aus Wälschtirol (Innsbruck: Verlag der Wagner'schen Universitäts-Buchhandlung, 1867), no. 45, pp. 128-29. (Links open in new windows.) with historical and cultural ties to Austria. The story's final sentence, claiming that the storyteller has run out yarn, is wonderfully ambiguous, referring both to yarn as a raw material for storytelling and as the product of a principal activity of traditional European storytellers: spinning.",European,en
23,Sennuccio and Bedovina,Italy,"Giovanni Francesco Straparola, The Facetious Nights of Straparola, vol. 3 (London: Privately printed for members of the Society of Bibliophiles, 1901), pp. 101-105.","One evening Sennuccio and his wife Bedovina were seated near the door of the house to take the air a little, for the season was very warm. Said Sennuccio to his wife, 'Bedovina, shut the door, for now it is time for us to get to bed.' To this request she made reply that he might shut the door himself; and as they went on thus disputing, without either one consenting to shut the door, Sennuccio said,'Bedovina, let us make a bargain, that the one who shall speak first shall shut the door.' The wife, who was both lazy by nature and obstinate by habit, agreed to this; so Sennuccio and Bedovina sat on, lazy wretches as they were, neither one daring to speak for fear of incurring the penalty of having to shut the door. The good woman, however, soon began to weary of the sport, and growing heavy with sleep she left her husband sitting on a bench, and, having taken off her clothes, went to bed. A short time after this there passed through the street the serving-man of a certain gentleman, who was going back to his house. At this moment it chanced that the candle in the lantern which he carried went out, and, observing that Sennuccio's house was yet open, he went in and said, 'Ho, there! is anyone within? Give me a light for my candle.' But no one answered him. The servant, having gone a little further into the house, observed Sennuccio, who was sitting with his eyes wide open upon the bench, and made bold to ask him for a light, but the lazy fellow vouchsafed not a word in reply. Whereupon the servant, deeming that Sennuccio was fast asleep, took him by the hand and began to jog him, saying, 'Good brother, what ails you? Answer me quick.' But Sennuccio was not asleep, and only held his tongue through fear of being amerced in the penalty of having to shut the door, so he kept silent. Then the servant went on a little further, and remarked a faint light on a hearth where the embers were yet alive, and when he entered the inner room he found no one there save only Bedovina, who was lying alone in the bed. He called to her and shook her roughly more than once, but she, like her husband, in order not to incur the penalty of having to shut the door, would neither speak nor stir. The servant, having taken a good look at her, found her comely, though miserly of her words, so he laid himself softly down beside her, and though not over well furnished for the task he undertook, contrived to accomplish it, Bedovina keeping dead silence all the while and quietly allowing him to do what he would with her, though her husband saw all that went on. And when the young man had gone his way Bedovina got out of bed, and, going to the door, found there her husband, who was yet awake, and by way of chiding him thus spake: 'A fine husband you are, certes! You have left me lying all night with the door wide open, giving thereby free course for any lewd fellows to come into the house, and never lifting your hand to keep them back. You of a truth ought to be made to drink out of a shoe with a hole in it.' Whereupon the lazy rascal rose to his feet and gave answer to her in this wise: 'Now go and shut the door, little fool that you are! Now I am equal with you. You, forsooth, thought you were going to make me shut the door, and you find yourself properly tricked. This is the way headstrong folk are always punished.' Bedovina, seeing that she had indeed lost the wager she had made, and at the same time enjoyed a merry night, shut the door forthwith, and went to bed with her cuckoldly knave of a husband.",European,en
24,"The Farmer, His Wife, and the Open Door",Pakistan,"Charles Swynnerton, Indian Nights' Entertainment; or, Folk-Tales from the Upper Indus (London: Elliot Stock, 1892), no. 11, pp. 14-15.","Once upon a time a poor farmer and his wife, having finished their day's labor and eaten their frugal supper, were sitting by the fire, when a dispute arose between them as to who should shut the door, which had been blown open by a gust of wind. 'Wife, shut the door!' said the man. 'Husband, shut it yourself!' said the woman. 'I will not shut it, and you shall not shut it,' said the husband; 'but let the one who speaks the first word shut it.' This proposal pleased the wife exceedingly, and so the old couple, well satisfied, retired in silence to bed. In the middle of the night they heard a noise, and, peering out, they perceived that a wild dog had entered the room, and that he was busy devouring their little store of food. Not a word, however, would either of these silly people utter, and the dog, having sniffed at everything, and having eaten as much as he wanted, went out of the house. The next morning the woman took some grain to the house of a neighbor in order to have it ground into flour. In her absence the barber entered, and said to the husband, 'How is it you are sitting here all alone?' The farmer answered never a word. The barber then shaved his head, but still he did not speak; then he shaved off half his beard and half his mustache, but even then the man refrained from uttering a syllable. Then the barber covered him all over with a hideous coating of lampblack, but the stolid farmer remained as dumb as a mute. 'The man is bewitched!' cried the barber, and he hastily quitted the house. He had hardly gone when the wife returned from the mill. She, seeing her husband in such a ghastly plight, began to tremble, and exclaimed, 'Ah! wretch, what have you been doing?' 'You spoke the first word,' said the farmer, 'so begone, woman, and shut the door.'",Asian,en
25,The Wager,Italy,"Thomas Frederick Crane, Italian Popular Tales (London: Macmillan and Company, 1885), no. 95, pp. 284-85.","There was once a husband and a wife. The former said one day to the latter, 'Let us have some fritters.' She replied, 'What shall we do for a frying pan?' 'Go and borrow one from my godmother.' 'You go and get it; it is only a little way off.' 'Go yourself; I will take it back when we are done with it.' So she went and borrowed the pan, and when she returned said to her husband, 'Here is the pan, but you must carry it back.' So they cooked the fritters, and after they had eaten, the husband said, 'Now let us go to work, both of us, and the one who speaks first shall carry back the pan.' Then she began to spin and he to draw his thread -- for he was a shoemaker -- and all the time keeping silence, except that when he drew his thread he said, 'Leulerò, leulerò;' and she, spinning, answered, 'Piciciì, picicì, piciciò.' And they said not another word. Now there happened to pass that way a soldier with a horse, and he asked a woman if there was any shoemaker in that street. She said that there was one nearby, and took him to the house. The soldier asked the shoemaker to come and cut his horse a girth, and he would pay him. The latter made no answer but, 'Leulerò, leulerò;' and his wife, 'Piciciì, picicì, piciciò.' Then the soldier said, 'Come and cut my horse a girth, or I will cut your head off!' The shoemaker only answered, 'Leulerò, leulerò;' and his wife, 'Piciciì, picicì, piciciò.' Then the soldier began to grow angry, and seized his sword and said to the shoemaker, 'Either come and cut my horse a girth, or I will cut your head off!' But to no purpose. The shoemaker did not wish to be the first one to speak, and only replied, 'Leulerò, leulerò;' and his wife, 'Piciciì, picicì, piciciò.' Then the soldier got mad in good earnest, seized the shoemaker's head, and was going to cut it off. When his wife saw that, she cried out, 'Ah! don't, for mercy's sake!' 'Good!' exclaimed her husband. 'Now you go and carry the pan back to my godmother, and I will go and cut the horse's girth.' And so he did, and won the wager.",European,en
26,"The Dance for Water; or, Rabbit's Triumph",South Africa,"Source (books.google.com): James A. Honeÿ, South-African Folk-Tales (New York: the Baker & Taylor Company, 1910), pp. 79-83. Source (Internet Archive): James A. Honeÿ, South-African Folk-Tales (New York: the Baker & Taylor Company, 1910), pp. 79-83.","There was a frightful drought. The rivers after a while dried up and even the springs gave no water. The animals wandered around seeking drink, but to no avail. Nowhere was water to be found. A great gathering of animals was held: Lion, Tiger, Wolf, Jackal, Elephant, all of them came together. What was to be done? That was the question. One had this plan, and another had that; but no plan seemed of value. Finally one of them suggested: 'Come, let all of us go to the dry riverbed and dance; in that way we can tread out the water.' Good! Everyone was satisfied and ready to begin instantly, excepting Rabbit, who said, 'I will not go and dance. All of you are mad to attempt to get water from the ground by dancing.' The other animals danced and danced, and ultimately danced the water to the surface. How glad they were. Everyone drank as much as he could, but Rabbit did not dance with them. So it was decided that Rabbit should have no water. He laughed at them: 'I will nevertheless drink some of your water.' That evening he proceeded leisurely to the riverbed where the dance had been, and drank as much as he wanted. The following morning the animals saw the footprints of Rabbit in the ground, and Rabbit shouted to them: 'Aha! I did have some of the water, and it was most refreshing and tasted fine.' Quickly all the animals were called together. What were they to do? How were they to get Rabbit in their hands? All had some means to propose; the one suggested this, and the other that. Finally old Tortoise moved slowly forward, foot by foot: 'I will catch Rabbit.' 'You? How? What do you think of yourself?' shouted the others in unison. 'Rub my shell with pitch [black beeswax], and I will go to the edge of the water and lie down. I will then resemble a stone, so that when Rabbit steps on me his feet will stick fast.' 'Yes! Yes! That's good.' And in a one, two, three, Tortoise's shell was covered with pitch, and foot by foot he moved away to the river. At the edge, close to the water, he lay down and drew his head into his shell. Rabbit during the evening came to get a drink. 'Ha!' he chuckled sarcastically, 'they are, after all, quite decent. Here they have placed a stone, so now I need not unnecessarily wet my feet.' Rabbit trod with his left foot on the stone, and there it stuck. Tortoise then put his head out. 'Ha! old Tortoise! And it's you, is it, that's holding me. But here I still have another foot. I'll give you a good clout.' Rabbit gave Tortoise what he said he would with his right forefoot, hard and straight; and there his foot remained. 'I have yet a hind foot, and with it I'll kick you.' Rabbit drove his hind foot down. This also rested on Tortoise where it struck. 'But still another foot remains, and now I'll tread you.' He stamped his foot down, but it stuck like the others. He used his head to hammer Tortoise, and his tail as a whip, but both met the same fate as his feet, so there he was tight and fast down to the pitch. Tortoise now slowly turned himself round and foot by foot started for the other animals, with Rabbit on his back. 'Ha! ha! ha! Rabbit! How does it look now? Insolence does not pay after all,' shouted the animals. Now advice was sought. What should they do with Rabbit? He certainly must die. But how? One said, 'Behead him'; another, 'Some severe penalty.' 'Rabbit, how are we to kill you?' 'It does not affect me,' Rabbit said. 'Only a shameful death please do not pronounce.' 'And what is that?' they all shouted. 'To take me by my tail and dash my head against a stone; that I pray and beseech you don't do.' 'No, but just so you'll die. That is decided.' It was decided Rabbit should die by taking him by his tail and dashing his head to pieces against some stone. But who is to do it? Lion, because he is the most powerful one. Good! Lion should do it. He stood up, walked to the front, and poor Rabbit was brought to him. Rabbit pleaded and beseeched that he couldn't die such a miserable death. Lion took Rabbit firmly by the tail and swung him around. The white skin slipped off from Rabbit, and there Lion stood with the white bit of skin and hair in his paw. Rabbit was free.",African_Diaspora,en
27,The Awful Fate of Mr. Wolf,African-American,"Joel Chandler Harris, Uncle Remus: His Songs and His Sayings (New York: McKinlay, Stone, and Mackenzie, 1908) no. 13, pp. 62-68.","Brer Rabbit could never get any peace. He couldn't leave home without Brer Wolf making a raid and toting off some of the family. Brer Rabbit built himself a straw house, and it was torn down. Then a made a house out of pine tops, and that went the same way. Then he made himself a bark house, and it was raided. And every time he lost a house, he lost one of his children. At last Brer Rabbit got mad, he did, and cussed, and then he went off, he did, and got some carpenters, and they built him a plank house with a rock foundation. After that he could have some peace and quiet. He could go out and pass the time of day with his neighbors, and come back and sit by the fire and smoke his pipe and read the newspapers the same as any man who has a family. He made a hole, he did, in the cellar where the little rabbits could hide out when there was much of a racket in the neighborhood, and the latch of the front door caught on the inside. Brer Wolf, he saw the lay of the land, he did, and he laid low. The little rabbits were mighty skittish, but it got so that cold chills didn't run up Brer Rabbit's back any more when he heard Brer Wolf go galloping by. By and by, one day when Brer Rabbit was fixing to call on Miss Coon, he heard a monstrous fuss and clatter up the big road, and almost before he could fix his ears to listen, Brer Wolf ran in the door. The little rabbits, they went into the hole in the cellar, they did, like blowing out a candle. Brer Wolf was fairly covered with mud, and mighty well nigh out of wind. 'Oh, do pray save me, Brer Rabbit!' said Brer Wolf. 'Do please, Brer Rabbit! The dogs are after me, and they'll tear me up. Don't you hear them coming? O, do please save me, Brer Rabbit! Hide me somewhere the dogs won't get me.' No quicker said than done. 'Jump in that chest there, Brer Wolf,' said Brer Rabbit. 'Jump in there and make yourself at home.' In jumped Brer Wolf, down came the lid, and into the hasp went the hook, and there Mr. Wolf was. Then Brer Rabbit went to the looking-glass, he did, and winked at himself. And then he pulled the rocking chair in front of the fire, he did, and took a big chew of tobacco. Then Brer Rabbit sat there a long time, he did, turning his mind over and working his thinking machine. By and by he got up and sort of stirred around. Then Brer Wolf opened up, 'Are the dogs all gone, Brer Rabbit?' 'It seems like I hear one of them smelling around the chimney corner just now.' Then Brer Rabbit got the kettle and filled it full of water and put it on the fire. 'What are you doing now, Brer Rabbit?' 'I'm fixing to make you a nice cup of tea, Brer Wolf.' Then Brer Rabbit went to the cupboard and got the gimlet, and commenced to bore little holes in the chest lid. 'What are you doing now, Brer Rabbit?' 'I'm boring little holes so you can breathe, Brer Wolf.' Then Brer Rabbit went out and got some more wood, and flung it on the fire. 'What are you doing now, Brer Rabbit?' 'I'm chunking up the fire so you won't get cold, Brer Wolf.' Then Brer Rabbit went down into the cellar and fetched out all his children. 'What are you doing now, Brer Rabbit?' 'I'm telling my children what a nice man you are, Brer Wolf.' And the children, they had to put their hands on their mouth to keep from laughing. Then Brer Rabbit, he got the kettle and commenced to pour the hot water onto the chest lid. 'What's that I hear, Brer Rabbit?' 'You hear the wind a-blowing, Brer Wolf.' Then the water began to sift through. 'What's that I feel, Brer Rabbit?' 'You feel the fleas a-biting, Brer Wolf.' 'They are biting might hard, Brer Rabbit.' 'Turn over on the other side, Brer Wolf.' 'What's that I feel now, Brer Rabbit?' 'You still feel the fleas, Brer Wolf.' 'They are eating me up, Brer Rabbit.' And those were the last words of Brer Wolf, because the scalding water did the business. Then Brer Rabbit called in his neighbors, he did, and they held a regular jubilee. And if you go to Brer Rabbit's house right now, I don't know but what you'll find Brer Wolf's hide hanging in the back porch, and all because he was so busy with other folks's doings.",African_Diaspora,en
28,The Story of Hlakanyana,Kaffir (South Africa),"George McCall Theal, Kaffir Folk-Lore: A Selection from the Traditional Tales Current among the People Living on the Eastern Border of the Cape Colony (London: W. Swan Sonnenschein and Company, n.d. [preface dated January 1882]), pp. 95-98.","Hlakanyana met a boy tending some goats. The boy had a digging-stick with him. Hlakanyana proposed that they should pursue after birds, and the boy agreed. They pursued birds the whole day. In the evening, when the sun set, Hlakanyana said, 'It is time now to roast our birds.' The place was on the bank of a river. Hlakanyana said, 'We must go under the water and see who will come out last.' They went under the water, and Hlakanyana came out last. The cunning fellow said, 'Let us try again.' They boy agreed to that. They went under the water. Hlakanyana came out quickly and ate all the birds. He left the heads only. Then he went under the water again. The boy came out while he was still under the water. When Hlakanyana came out he said, 'Let us go now and eat our birds.' They found all the birds eaten. Hlakanyana said, 'You have eaten them, because you came out of the water first, and you have left me the heads only.' The boy denied having done so, but Hlakanyana said, 'You must pay for my birds with that digging-stick.' The boy gave the digging-stick, and Hlakanyana went on his way. He saw some people making pots of clay. He said to them, 'Why do you not ask me to lend you this digging-stick, instead of digging with your hands?' They said, 'Lend it to us.' Hlakanyana lent them the digging-stick. Just the first time they stuck it in the clay it broke. He said, 'You have broken my digging-stick, the digging-stick that I received from my companion, my companion who ate my birds and left me with the heads.' They gave him a pot. Hlakanyana carried the pot till he came to some boys who were herding goats. He said to them, 'You foolish boys, you only suck the goats. You don't milk them in any vessel. Why don't you ask me to lend you this pot?' The boys said, 'Lend it to us.' Hlakanyana lent them the pot. While the boys were milking, the pot broke. Hlakanyana said, 'You have broken my pot, the pot that I received from the people who make pots, the people who broke my digging-stick, the digging-stick that I received from my companion, my companion who ate my birds and left me with the heads.' The boys gave him a goat. Hlakanyana came to the keepers of calves said, 'Allow us to suck this goat.' Hlakanyana gave the goat into their hands. While they were sucking, the goat died. Hlakanyana said, 'You have killed my goat, the goat that I received from the boys that were tending goats, the boys that broke my pot, the pot that I received from the people who make pots, the people who broke my digging-stick, the digging-stick that I received from my companion, my companion who ate my birds and left me with the heads.' They gave him a calf. Hlakanyana came to the keepers of cows. He said to them, 'You only suck the cows without letting the calf suck first. Why don't you ask me to lend you this calf, what the cows may be induced to give their milk freely?' They said, 'Lend us the calf.' Hlakanyana permitted them to take the calf. While the calf was in their hands it died. Hlakanyana said, 'You have killed my calf, the calf that I received from the keepers of calves, the keepers of calves that killed my goat, the goat that I received from the boys that were tending goats, the boys that broke my pot, the pot that I received from the people who make pots, the people who broke my digging-stick, the digging-stick that I received from my companion, my companion who ate my birds and left me with the heads.' They gave him a cow. Hlakanyana continued on his journey. of Hlakanyana,' in Theal's collection (pp. 84-110).",African_Diaspora,en
29,The Hermit and the Three Ruffians,Italy,"William Alexander Clouston, Popular Tales and Fictions: Their Migrations and transformations, vol. 2 (Edinburgh and London: William Blackwood and Sons, 1887), pp. 383-85.","A hermit, walking one day in a desert place, found a very large cave, which was much hidden from view, and retiring thither for sleep (for he was very weary), saw, as soon as he entered the cave, something shining in a certain place very brightly; for much gold was there. And no sooner had he perceived it than he incontinently departed and began to run through the desert as fast as he could go. Thus running, the hermit met with three great ruffians, who haunted that wild place (foresta), to rob whoever passed thereby. Nor were they ever aware this gold was there. Now seeing, as they lay hid, this man flee without a soul behind to chase him, they were somewhat afraid, but yet stopped him, to know what he was fleeing for, because at this they marveled much. And he replied and said, 'My brothers, I am fleeing from Death, who comes after me in chase.' They, seeing neither man nor beast that chased him, said, 'Show us what is chasing thee, and lead us unto where it is.' Then said the hermit to them, 'Come with me and I will show it to you'; beseeching them all the time not to go to it, for he himself was fleeing for that reason. And they, desiring to find it, to see what manner of thing it was, demanded of him nothing else. The hermit seeing that he could do no more, and fearing them, led them to the cave, whence he had departed, and said to them, 'Here is Death, which was chasing me'; and showed them the gold that was there; and they began to mightily congratulate themselves, and to have great fun together. Then they dismissed that good man, and he went away about his own affairs; and they began to say one to the other, how simple a person that was. These three ruffians remained all three together, to guard this wealth, and began to consider what they must do. Replied one and said, 'Meseems that God has given us this so high fortune, that we should not depart from here until we carry away all this property.' And another said, 'Let us not do so. Let one of us take somewhat thereof and go to the city and sell it, and buy bread and wine, and whatsoever we need; and in that let him do his best, so that we be furnished.' To this they all agree. The devil, who is crafty and bad enough to contrive to do whatever evil he can, put in this one's heart to go to the city for supplies. 'When I am in the city,' said he to himself, 'I will eat and drink what I want, and then provide me with certain things whereof I have need at the present time; and then I will poison what I bring to my comrades, so that when the pair of them are dead I shall then be lord of all this property; and, as it seems to me, it is so much that I shall be the richest man of all this country for possessions.' And as it came into his thought, so he did. He took for himself as much victual as he needed, and then poisoned the rest, and so he brought it to those his companions. But while he went to the city, as we have said, if he thought and contrived ill, to slay his companions, that every thing should remain for him, they, on their part, thought no better of him than he of them, and said one to the other, 'As soon as this our comrade shall return with the bread and the wine and the other things we need, we will kill him, and then eat as much as we desire, and then all this great wealth shall be between us two. And the less in number we are the more shall each of us have.' Now came he who had gone to the city to buy the things they needed. The moment his companions saw he had returned, they were upon him with lances and knives and killed him. When they had made a dead man of him, they ate of what he had brought; and so soon as they were satisfied both fell dead. And so died all three; for the one slew the other, as ye have heard, and had not the wealth. And thus may the Lord God requite traitors; for they went seeking death, and in this manner they found it, and in a way which they deserved. And the sage wisely fled it, and the gold abode free as at first.",European,en
30,Scissors They Were,Italy,"Thomas Frederick Crane, Italian Popular Tales (London: Macmillan and Company, 1885), no. 96, pp. 285-87.","Once upon a time there was a husband and a wife. The husband was a tailor; so was the wife, and in addition was a good housekeeper. One day the husband found some things in the kitchen broken, -- pots, glasses, plates. He asked, 'How were they broken?' 'How do I know?' answered the wife. 'What do you mean by saying 'How do I know?' Who broke them?' 'Who broke them? I, with the scissors,' said the wife, in anger. 'With the scissors?' 'With the scissors!' 'Are you telling the truth? I want to know what you broke them with. If you don't tell me, I will beat you.' 'With the scissors!' (for she had the scissors in her hand). 'Scissors, do you say?' 'Scissors they were!' 'Ah! What do you mean? Wait a bit; I will make you see whether it was you with the scissors.' So he tied a rope around her and began to lower her into the well, saying, 'Come, how did you break them? You see I am lowering you into the well.' 'It was the scissors!' The husband, seeing her so obstinate, lowered her into the well; and she, for all that, did not hold her tongue. 'How did you break them?' said the husband. 'It was the scissors.' Then her husband lowered her more, until she was half way down. 'What did you do it with?' Then he lowered her until her feet touched the water. 'What did you do it with?' Then he let her down into the water to her waist. 'What did you do it with?' 'Take care!' cried her husband, enraged at seeing her so obstinate. 'It will take but little to put you under the water. You had better tell what you did it with; it will be better for you. How is it possible to break pots and dishes with the scissors! What has become of the pieces, if they were cut?' 'It was the scissors! The scissors!' Then he let go the rope. Splash! his wife is all under the water. 'Are you satisfied now? Do you say any longer that it was with the scissors?' The wife could not speak any more, for she was under the water; but what did she do? She stuck her hand up out of the water, and with her fingers began to make signs as if she were cutting with the scissors. What could the poor husband do? He said, 'I am losing my wife, and then I shall have to go after her. I will pull her out now, and she may say that it was the scissors or the shears.' Then he pulled her out, and there was no way of making her tell with what she had broken all those things in the kitchen.",European,en
